<?xml version="1.0" encoding="UTF-8"?><CodeSystem xmlns="http://hl7.org/fhir"><id value="odmap-codes"/><text><status value="generated"/><div xmlns="http://www.w3.org/1999/xhtml"><p>This case-sensitive code system <code>http://orainc.com/fhir/odmap/CodeSystem/odmap-codes</code> defines the following codes:</p><table class="codes"><tr><td style="white-space:nowrap"><b>Code</b></td><td><b>Display</b></td></tr><tr><td style="white-space:nowrap">odmap-submission<a name="odmap-codes-odmap-submission"> </a></td><td>ODMAP submission</td></tr><tr><td style="white-space:nowrap">incident-section<a name="odmap-codes-incident-section"> </a></td><td>Incident section</td></tr><tr><td style="white-space:nowrap">incident-type<a name="odmap-codes-incident-type"> </a></td><td>Incident type</td></tr><tr><td style="white-space:nowrap">suspected-drug<a name="odmap-codes-suspected-drug"> </a></td><td>Suspected drug</td></tr><tr><td style="white-space:nowrap">additional-drug<a name="odmap-codes-additional-drug"> </a></td><td>Additional drug</td></tr><tr><td style="white-space:nowrap">is-multiple-victim<a name="odmap-codes-is-multiple-victim"> </a></td><td>Is Multiple Victim</td></tr><tr><td style="white-space:nowrap">taken-to-hospital<a name="odmap-codes-taken-to-hospital"> </a></td><td>Taken to hospital</td></tr><tr><td style="white-space:nowrap">is-motor-vehicle-involved<a name="odmap-codes-is-motor-vehicle-involved"> </a></td><td>Is motor vehicle involved</td></tr><tr><td style="white-space:nowrap">naloxone-administered-by<a name="odmap-codes-naloxone-administered-by"> </a></td><td>Naloxone Administered By</td></tr><tr><td style="white-space:nowrap">is-le-naloxone-leave-behind<a name="odmap-codes-is-le-naloxone-leave-behind"> </a></td><td>LE left Naloxone behind</td></tr><tr><td style="white-space:nowrap">is-ems-naloxone-leave-behind<a name="odmap-codes-is-ems-naloxone-leave-behind"> </a></td><td>EMS left Naloxone behind</td></tr><tr><td style="white-space:nowrap">is-bystander-naloxone-leave-behind<a name="odmap-codes-is-bystander-naloxone-leave-behind"> </a></td><td>Bystander left Naloxone behind</td></tr><tr><td style="white-space:nowrap">1<a name="odmap-codes-1"> </a></td><td>Non-Fatal Naloxone Not Administered</td></tr><tr><td style="white-space:nowrap">2<a name="odmap-codes-2"> </a></td><td>Non-Fatal Naloxone Single Dose (2mg IN or 0.4mg IV) Administered</td></tr><tr><td style="white-space:nowrap">3<a name="odmap-codes-3"> </a></td><td>Non-Fatal Naloxone Multiple Doses (&gt;2mg IN or &gt;0.4mg IV) Administered</td></tr><tr><td style="white-space:nowrap">4<a name="odmap-codes-4"> </a></td><td>Fatal Naloxone Not Administered</td></tr><tr><td style="white-space:nowrap">5<a name="odmap-codes-5"> </a></td><td>Fatal Naloxone Single Dose (2mg IN or 0.4mg IV) Administered</td></tr><tr><td style="white-space:nowrap">6<a name="odmap-codes-6"> </a></td><td>Fatal Naloxone Multiple Doses (&gt;2mg IN or &gt;0.4mg IV) Administered</td></tr><tr><td style="white-space:nowrap">7<a name="odmap-codes-7"> </a></td><td>Non-Fatal Naloxone Administration Unknown</td></tr><tr><td style="white-space:nowrap">8<a name="odmap-codes-8"> </a></td><td>Fatal Naloxone Administration Unknown</td></tr><tr><td style="white-space:nowrap">alcohol<a name="odmap-codes-alcohol"> </a></td><td>Alcohol</td></tr><tr><td style="white-space:nowrap">benzodiazepine<a name="odmap-codes-benzodiazepine"> </a></td><td>Benzodiazepine</td></tr><tr><td style="white-space:nowrap">cocaine<a name="odmap-codes-cocaine"> </a></td><td>Cocaine</td></tr><tr><td style="white-space:nowrap">crack<a name="odmap-codes-crack"> </a></td><td>Crack</td></tr><tr><td style="white-space:nowrap">fentanyl<a name="odmap-codes-fentanyl"> </a></td><td>Fentanyl</td></tr><tr><td style="white-space:nowrap">heroin<a name="odmap-codes-heroin"> </a></td><td>Heroin</td></tr><tr><td style="white-space:nowrap">lsd<a name="odmap-codes-lsd"> </a></td><td>LSD</td></tr><tr><td style="white-space:nowrap">mdma<a name="odmap-codes-mdma"> </a></td><td>MDMA</td></tr><tr><td style="white-space:nowrap">methadone<a name="odmap-codes-methadone"> </a></td><td>Methadone</td></tr><tr><td style="white-space:nowrap">methamphetamine<a name="odmap-codes-methamphetamine"> </a></td><td>Methamphetamine</td></tr><tr><td style="white-space:nowrap">over-the-counter<a name="odmap-codes-over-the-counter"> </a></td><td>Over The Counter</td></tr><tr><td style="white-space:nowrap">oxycodone<a name="odmap-codes-oxycodone"> </a></td><td>Oxycodone</td></tr><tr><td style="white-space:nowrap">pcp<a name="odmap-codes-pcp"> </a></td><td>PCP</td></tr><tr><td style="white-space:nowrap">prescription-drugs<a name="odmap-codes-prescription-drugs"> </a></td><td>Prescription Drugs</td></tr><tr><td style="white-space:nowrap">suboxone<a name="odmap-codes-suboxone"> </a></td><td>Suboxone</td></tr><tr><td style="white-space:nowrap">synthetic-marijuana<a name="odmap-codes-synthetic-marijuana"> </a></td><td>Synthetic Marijuana</td></tr><tr><td style="white-space:nowrap">bystander<a name="odmap-codes-bystander"> </a></td><td>Bystander</td></tr><tr><td style="white-space:nowrap">police<a name="odmap-codes-police"> </a></td><td>Police</td></tr><tr><td style="white-space:nowrap">fire<a name="odmap-codes-fire"> </a></td><td>Fire</td></tr><tr><td style="white-space:nowrap">ems<a name="odmap-codes-ems"> </a></td><td>EMS</td></tr><tr><td style="white-space:nowrap">hospital<a name="odmap-codes-hospital"> </a></td><td>Hospital</td></tr></table></div></text><url value="http://orainc.com/fhir/odmap/CodeSystem/odmap-codes"/><version value="0.1.0"/><name value="CodeSystemODMAPCodes"/><title value="CodeSystem - ODMAP Codes"/><status value="active"/><experimental value="false"/><date value="2024-01-23T12:35:59-05:00"/><publisher value="Occupational Research and Assessment, Inc."/><contact><telecom><system value="url"/><value value="http://orainc.com"/></telecom></contact><description value="This code system contains codes for ODMAP."/><jurisdiction><coding><system value="urn:iso:std:iso:3166"/><code value="US"/><display value="United States of America"/></coding></jurisdiction><caseSensitive value="true"/><content value="complete"/><concept><code value="odmap-submission"/><display value="ODMAP submission"/></concept><concept><code value="incident-section"/><display value="Incident section"/></concept><concept><code value="incident-type"/><display value="Incident type"/></concept><concept><code value="suspected-drug"/><display value="Suspected drug"/></concept><concept><code value="additional-drug"/><display value="Additional drug"/></concept><concept><code value="is-multiple-victim"/><display value="Is Multiple Victim"/></concept><concept><code value="taken-to-hospital"/><display value="Taken to hospital"/></concept><concept><code value="is-motor-vehicle-involved"/><display value="Is motor vehicle involved"/></concept><concept><code value="naloxone-administered-by"/><display value="Naloxone Administered By"/></concept><concept><code value="is-le-naloxone-leave-behind"/><display value="LE left Naloxone behind"/></concept><concept><code value="is-ems-naloxone-leave-behind"/><display value="EMS left Naloxone behind"/></concept><concept><code value="is-bystander-naloxone-leave-behind"/><display value="Bystander left Naloxone behind"/></concept><concept><code value="1"/><display value="Non-Fatal Naloxone Not Administered"/></concept><concept><code value="2"/><display value="Non-Fatal Naloxone Single Dose (2mg IN or 0.4mg IV) Administered"/></concept><concept><code value="3"/><display value="Non-Fatal Naloxone Multiple Doses (&gt;2mg IN or &gt;0.4mg IV) Administered"/></concept><concept><code value="4"/><display value="Fatal Naloxone Not Administered"/></concept><concept><code value="5"/><display value="Fatal Naloxone Single Dose (2mg IN or 0.4mg IV) Administered"/></concept><concept><code value="6"/><display value="Fatal Naloxone Multiple Doses (&gt;2mg IN or &gt;0.4mg IV) Administered"/></concept><concept><code value="7"/><display value="Non-Fatal Naloxone Administration Unknown"/></concept><concept><code value="8"/><display value="Fatal Naloxone Administration Unknown"/></concept><concept><code value="alcohol"/><display value="Alcohol"/></concept><concept><code value="benzodiazepine"/><display value="Benzodiazepine"/></concept><concept><code value="cocaine"/><display value="Cocaine"/></concept><concept><code value="crack"/><display value="Crack"/></concept><concept><code value="fentanyl"/><display value="Fentanyl"/></concept><concept><code value="heroin"/><display value="Heroin"/></concept><concept><code value="lsd"/><display value="LSD"/></concept><concept><code value="mdma"/><display value="MDMA"/></concept><concept><code value="methadone"/><display value="Methadone"/></concept><concept><code value="methamphetamine"/><display value="Methamphetamine"/></concept><concept><code value="over-the-counter"/><display value="Over The Counter"/></concept><concept><code value="oxycodone"/><display value="Oxycodone"/></concept><concept><code value="pcp"/><display value="PCP"/></concept><concept><code value="prescription-drugs"/><display value="Prescription Drugs"/></concept><concept><code value="suboxone"/><display value="Suboxone"/></concept><concept><code value="synthetic-marijuana"/><display value="Synthetic Marijuana"/></concept><concept><code value="bystander"/><display value="Bystander"/></concept><concept><code value="police"/><display value="Police"/></concept><concept><code value="fire"/><display value="Fire"/></concept><concept><code value="ems"/><display value="EMS"/></concept><concept><code value="hospital"/><display value="Hospital"/></concept></CodeSystem>