{
  "resourceType" : "Bundle",
  "id" : "Bundle-document-odmap-example",
  "meta" : {
    "profile" : ["http://orainc.com/fhir/odmap/StructureDefinition/Bundle-document-odmap"]
  },
  "identifier" : {
    "system" : "https://mdilog.com",
    "value" : "2541097"
  },
  "type" : "document",
  "timestamp" : "2024-01-15T15:30:00Z",
  "entry" : [{
    "fullUrl" : "https://mdilog.com/Composition/composition-mdi-odmap",
    "resource" : {
      "resourceType" : "Composition",
      "id" : "composition-mdi-odmap",
      "meta" : {
        "profile" : ["http://orainc.com/fhir/odmap/StructureDefinition/Composition-odmap"]
      },
      "text" : {
        "status" : "generated",
        "div" : "<div xmlns=\"http://www.w3.org/1999/xhtml\"><p><b>Generated Narrative: Composition</b><a name=\"composition-mdi-odmap\"> </a></p><div style=\"display: inline-block; background-color: #d9e0e7; padding: 6px; margin: 4px; border: 1px solid #8da1b4; border-radius: 5px; line-height: 60%\"><p style=\"margin-bottom: 0px\">Resource Composition &quot;composition-mdi-odmap&quot; </p><p style=\"margin-bottom: 0px\">Profile: <a href=\"StructureDefinition-Composition-odmap.html\">Composition - ODMAP</a></p></div><p><b>status</b>: final</p><p><b>type</b>: ODMAP submission <span style=\"background: LightGoldenRodYellow; margin: 4px; border: 1px solid khaki\"> (<a href=\"CodeSystem-odmap-codes.html\">CodeSystem - ODMAP Codes</a>#odmap-submission)</span></p><p><b>date</b>: 2024-01-15</p><p><b>author</b>: <a href=\"#Organization_Organization-MDILog\">See above (Organization/Organization-MDILog)</a></p><p><b>title</b>: MDILog to ODMAP Composition</p></div>"
      },
      "status" : "final",
      "type" : {
        "coding" : [{
          "system" : "http://orainc.com/fhir/odmap/CodeSystem/odmap-codes",
          "code" : "odmap-submission",
          "display" : "ODMAP submission"
        }]
      },
      "subject" : {
        "reference" : "Patient/patient-mdi-odmap"
      },
      "date" : "2024-01-15",
      "author" : [{
        "reference" : "Organization/Organization-MDILog"
      }],
      "title" : "MDILog to ODMAP Composition",
      "section" : [{
        "code" : {
          "coding" : [{
            "system" : "http://orainc.com/fhir/odmap/CodeSystem/odmap-codes",
            "code" : "incident-section"
          }]
        },
        "entry" : [{
          "reference" : "Location/location-mdi-odmap"
        },
        {
          "reference" : "Observation/incident-mdi-odmap"
        }]
      }]
    }
  },
  {
    "fullUrl" : "https://mdilog.com/Organization/Organization-MDILog",
    "resource" : {
      "resourceType" : "Organization",
      "id" : "Organization-MDILog",
      "text" : {
        "status" : "generated",
        "div" : "<div xmlns=\"http://www.w3.org/1999/xhtml\"><p><b>Generated Narrative: Organization</b><a name=\"Organization-MDILog\"> </a></p><div style=\"display: inline-block; background-color: #d9e0e7; padding: 6px; margin: 4px; border: 1px solid #8da1b4; border-radius: 5px; line-height: 60%\"><p style=\"margin-bottom: 0px\">Resource Organization &quot;Organization-MDILog&quot; </p></div><p><b>name</b>: MDILog</p></div>"
      },
      "name" : "MDILog"
    }
  },
  {
    "fullUrl" : "https://mdilog.com/Patient/patient-mdi-odmap",
    "resource" : {
      "resourceType" : "Patient",
      "id" : "patient-mdi-odmap",
      "meta" : {
        "profile" : ["http://orainc.com/fhir/odmap/StructureDefinition/Patient-odmap"]
      },
      "text" : {
        "status" : "extensions",
        "div" : "<div xmlns=\"http://www.w3.org/1999/xhtml\"><p><b>Generated Narrative: Patient</b><a name=\"patient-mdi-odmap\"> </a></p><div style=\"display: inline-block; background-color: #d9e0e7; padding: 6px; margin: 4px; border: 1px solid #8da1b4; border-radius: 5px; line-height: 60%\"><p style=\"margin-bottom: 0px\">Resource Patient &quot;patient-mdi-odmap&quot; </p><p style=\"margin-bottom: 0px\">Profile: <a href=\"StructureDefinition-Patient-odmap.html\">Patient - ODMAP</a></p></div><p><b>Extension - Age Years</b>: 39</p><p><b>identifier</b>: id:\u00a02023-0051</p><p><b>gender</b>: male</p></div>"
      },
      "extension" : [{
        "url" : "http://orainc.com/fhir/odmap/StructureDefinition/Extension-age-years",
        "valueInteger" : 39
      }],
      "identifier" : [{
        "system" : "https://mdilog.com",
        "value" : "2023-0051"
      }],
      "gender" : "male"
    }
  },
  {
    "fullUrl" : "https://mdilog.com/Location/location-mdi-odmap",
    "resource" : {
      "resourceType" : "Location",
      "id" : "location-mdi-odmap",
      "meta" : {
        "profile" : ["http://orainc.com/fhir/odmap/StructureDefinition/Location-incident"]
      },
      "text" : {
        "status" : "generated",
        "div" : "<div xmlns=\"http://www.w3.org/1999/xhtml\"><p><b>Generated Narrative: Location</b><a name=\"location-mdi-odmap\"> </a></p><div style=\"display: inline-block; background-color: #d9e0e7; padding: 6px; margin: 4px; border: 1px solid #8da1b4; border-radius: 5px; line-height: 60%\"><p style=\"margin-bottom: 0px\">Resource Location &quot;location-mdi-odmap&quot; </p><p style=\"margin-bottom: 0px\">Profile: <a href=\"StructureDefinition-Location-incident.html\">Location - Incident</a></p></div><p><b>address</b>: 124 Elm Street Big Rapids MI 49307 </p><h3>Positions</h3><table class=\"grid\"><tr><td style=\"display: none\">-</td><td><b>Longitude</b></td><td><b>Latitude</b></td></tr><tr><td style=\"display: none\">*</td><td>-85.48261869999999</td><td>43.6968812</td></tr></table></div>"
      },
      "address" : {
        "line" : ["124 Elm Street"],
        "city" : "Big Rapids",
        "district" : "Mecosta",
        "state" : "MI",
        "postalCode" : "49307"
      },
      "position" : {
        "longitude" : -85.48261869999999,
        "latitude" : 43.6968812
      }
    }
  },
  {
    "fullUrl" : "https://mdilog.com/Observation/incident-mdi-odmap",
    "resource" : {
      "resourceType" : "Observation",
      "id" : "incident-mdi-odmap",
      "meta" : {
        "profile" : ["http://orainc.com/fhir/odmap/StructureDefinition/Observation-incident"]
      },
      "text" : {
        "status" : "generated",
        "div" : "<div xmlns=\"http://www.w3.org/1999/xhtml\"><p><b>Generated Narrative: Observation</b><a name=\"incident-mdi-odmap\"> </a></p><div style=\"display: inline-block; background-color: #d9e0e7; padding: 6px; margin: 4px; border: 1px solid #8da1b4; border-radius: 5px; line-height: 60%\"><p style=\"margin-bottom: 0px\">Resource Observation &quot;incident-mdi-odmap&quot; </p><p style=\"margin-bottom: 0px\">Profile: <a href=\"StructureDefinition-Observation-incident.html\">Observation - Incident</a></p></div><p><b>status</b>: final</p><p><b>code</b>: Injury incident description <span style=\"background: LightGoldenRodYellow; margin: 4px; border: 1px solid khaki\"> (<a href=\"https://loinc.org/\">LOINC</a>#11374-6)</span></p><p><b>subject</b>: <a href=\"#Patient_patient-mdi-odmap\">See above (Patient/patient-mdi-odmap)</a></p><p><b>effective</b>: 2022-06-09 07:01:00-0400</p><blockquote><p><b>component</b></p><p><b>code</b>: Incident type <span style=\"background: LightGoldenRodYellow; margin: 4px; border: 1px solid khaki\"> (<a href=\"CodeSystem-odmap-codes.html\">CodeSystem - ODMAP Codes</a>#incident-type)</span></p><p><b>value</b>: Fatal Naloxone Single Dose (2mg IN or 0.4mg IV) Administered <span style=\"background: LightGoldenRodYellow; margin: 4px; border: 1px solid khaki\"> (<a href=\"CodeSystem-odmap-codes.html\">CodeSystem - ODMAP Codes</a>#5)</span></p></blockquote><blockquote><p><b>component</b></p><p><b>code</b>: Suspected drug <span style=\"background: LightGoldenRodYellow; margin: 4px; border: 1px solid khaki\"> (<a href=\"CodeSystem-odmap-codes.html\">CodeSystem - ODMAP Codes</a>#suspected-drug)</span></p><p><b>value</b>: Heroin <span style=\"background: LightGoldenRodYellow; margin: 4px; border: 1px solid khaki\"> (<a href=\"CodeSystem-odmap-codes.html\">CodeSystem - ODMAP Codes</a>#heroin)</span></p></blockquote><blockquote><p><b>component</b></p><p><b>code</b>: Additional drug <span style=\"background: LightGoldenRodYellow; margin: 4px; border: 1px solid khaki\"> (<a href=\"CodeSystem-odmap-codes.html\">CodeSystem - ODMAP Codes</a>#additional-drug)</span></p><p><b>value</b>: Cocaine <span style=\"background: LightGoldenRodYellow; margin: 4px; border: 1px solid khaki\"> (<a href=\"CodeSystem-odmap-codes.html\">CodeSystem - ODMAP Codes</a>#cocaine)</span></p></blockquote><blockquote><p><b>component</b></p><p><b>code</b>: Is Multiple Victim <span style=\"background: LightGoldenRodYellow; margin: 4px; border: 1px solid khaki\"> (<a href=\"CodeSystem-odmap-codes.html\">CodeSystem - ODMAP Codes</a>#is-multiple-victim)</span></p><p><b>value</b>: false</p></blockquote><blockquote><p><b>component</b></p><p><b>code</b>: Taken to hospital <span style=\"background: LightGoldenRodYellow; margin: 4px; border: 1px solid khaki\"> (<a href=\"CodeSystem-odmap-codes.html\">CodeSystem - ODMAP Codes</a>#taken-to-hospital)</span></p><p><b>value</b>: false</p></blockquote><blockquote><p><b>component</b></p><p><b>code</b>: Is motor vehicle involved <span style=\"background: LightGoldenRodYellow; margin: 4px; border: 1px solid khaki\"> (<a href=\"CodeSystem-odmap-codes.html\">CodeSystem - ODMAP Codes</a>#is-motor-vehicle-involved)</span></p><p><b>value</b>: false</p></blockquote><blockquote><p><b>component</b></p><p><b>code</b>: Naloxone Administered By <span style=\"background: LightGoldenRodYellow; margin: 4px; border: 1px solid khaki\"> (<a href=\"CodeSystem-odmap-codes.html\">CodeSystem - ODMAP Codes</a>#naloxone-administered-by)</span></p><p><b>value</b>: EMS <span style=\"background: LightGoldenRodYellow; margin: 4px; border: 1px solid khaki\"> (<a href=\"CodeSystem-odmap-codes.html\">CodeSystem - ODMAP Codes</a>#ems)</span></p></blockquote><blockquote><p><b>component</b></p><p><b>code</b>: LE left Naloxone behind <span style=\"background: LightGoldenRodYellow; margin: 4px; border: 1px solid khaki\"> (<a href=\"CodeSystem-odmap-codes.html\">CodeSystem - ODMAP Codes</a>#is-le-naloxone-leave-behind)</span></p><p><b>value</b>: false</p></blockquote><blockquote><p><b>component</b></p><p><b>code</b>: EMS left Naloxone behind <span style=\"background: LightGoldenRodYellow; margin: 4px; border: 1px solid khaki\"> (<a href=\"CodeSystem-odmap-codes.html\">CodeSystem - ODMAP Codes</a>#is-ems-naloxone-leave-behind)</span></p><p><b>value</b>: false</p></blockquote><blockquote><p><b>component</b></p><p><b>code</b>: Bystander left Naloxone behind <span style=\"background: LightGoldenRodYellow; margin: 4px; border: 1px solid khaki\"> (<a href=\"CodeSystem-odmap-codes.html\">CodeSystem - ODMAP Codes</a>#is-bystander-naloxone-leave-behind)</span></p><p><b>value</b>: false</p></blockquote></div>"
      },
      "status" : "final",
      "code" : {
        "coding" : [{
          "system" : "http://loinc.org",
          "code" : "11374-6",
          "display" : "Injury incident description"
        }]
      },
      "subject" : {
        "reference" : "Patient/patient-mdi-odmap"
      },
      "effectiveDateTime" : "2022-06-09T07:01:00-04:00",
      "component" : [{
        "code" : {
          "coding" : [{
            "system" : "http://orainc.com/fhir/odmap/CodeSystem/odmap-codes",
            "code" : "incident-type",
            "display" : "Incident type"
          }]
        },
        "valueCodeableConcept" : {
          "coding" : [{
            "system" : "http://orainc.com/fhir/odmap/CodeSystem/odmap-codes",
            "code" : "5",
            "display" : "Fatal Naloxone Single Dose (2mg IN or 0.4mg IV) Administered"
          }]
        }
      },
      {
        "code" : {
          "coding" : [{
            "system" : "http://orainc.com/fhir/odmap/CodeSystem/odmap-codes",
            "code" : "suspected-drug",
            "display" : "Suspected drug"
          }]
        },
        "valueCodeableConcept" : {
          "coding" : [{
            "system" : "http://orainc.com/fhir/odmap/CodeSystem/odmap-codes",
            "code" : "heroin",
            "display" : "Heroin"
          }]
        }
      },
      {
        "code" : {
          "coding" : [{
            "system" : "http://orainc.com/fhir/odmap/CodeSystem/odmap-codes",
            "code" : "additional-drug",
            "display" : "Additional drug"
          }]
        },
        "valueCodeableConcept" : {
          "coding" : [{
            "system" : "http://orainc.com/fhir/odmap/CodeSystem/odmap-codes",
            "code" : "cocaine",
            "display" : "Cocaine"
          }]
        }
      },
      {
        "code" : {
          "coding" : [{
            "system" : "http://orainc.com/fhir/odmap/CodeSystem/odmap-codes",
            "code" : "is-multiple-victim",
            "display" : "Is Multiple Victim"
          }]
        },
        "valueBoolean" : false
      },
      {
        "code" : {
          "coding" : [{
            "system" : "http://orainc.com/fhir/odmap/CodeSystem/odmap-codes",
            "code" : "taken-to-hospital",
            "display" : "Taken to hospital"
          }]
        },
        "valueBoolean" : false
      },
      {
        "code" : {
          "coding" : [{
            "system" : "http://orainc.com/fhir/odmap/CodeSystem/odmap-codes",
            "code" : "is-motor-vehicle-involved",
            "display" : "Is motor vehicle involved"
          }]
        },
        "valueBoolean" : false
      },
      {
        "code" : {
          "coding" : [{
            "system" : "http://orainc.com/fhir/odmap/CodeSystem/odmap-codes",
            "code" : "naloxone-administered-by",
            "display" : "Naloxone Administered By"
          }]
        },
        "valueCodeableConcept" : {
          "coding" : [{
            "system" : "http://orainc.com/fhir/odmap/CodeSystem/odmap-codes",
            "code" : "ems",
            "display" : "EMS"
          }]
        }
      },
      {
        "code" : {
          "coding" : [{
            "system" : "http://orainc.com/fhir/odmap/CodeSystem/odmap-codes",
            "code" : "is-le-naloxone-leave-behind",
            "display" : "LE left Naloxone behind"
          }]
        },
        "valueBoolean" : false
      },
      {
        "code" : {
          "coding" : [{
            "system" : "http://orainc.com/fhir/odmap/CodeSystem/odmap-codes",
            "code" : "is-ems-naloxone-leave-behind",
            "display" : "EMS left Naloxone behind"
          }]
        },
        "valueBoolean" : false
      },
      {
        "code" : {
          "coding" : [{
            "system" : "http://orainc.com/fhir/odmap/CodeSystem/odmap-codes",
            "code" : "is-bystander-naloxone-leave-behind",
            "display" : "Bystander left Naloxone behind"
          }]
        },
        "valueBoolean" : false
      }]
    }
  }]
}