{
  "resourceType" : "Location",
  "id" : "location-mdi-odmap-example",
  "meta" : {
    "profile" : ["http://orainc.com/fhir/odmap/StructureDefinition/Location-incident"]
  },
  "text" : {
    "status" : "generated",
    "div" : "<div xmlns=\"http://www.w3.org/1999/xhtml\"><p><b>Generated Narrative: Location</b><a name=\"location-mdi-odmap-example\"> </a></p><div style=\"display: inline-block; background-color: #d9e0e7; padding: 6px; margin: 4px; border: 1px solid #8da1b4; border-radius: 5px; line-height: 60%\"><p style=\"margin-bottom: 0px\">Resource Location &quot;location-mdi-odmap-example&quot; </p><p style=\"margin-bottom: 0px\">Profile: <a href=\"StructureDefinition-Location-incident.html\">Location - Incident</a></p></div><h3>Positions</h3><table class=\"grid\"><tr><td style=\"display: none\">-</td><td><b>Longitude</b></td><td><b>Latitude</b></td></tr><tr><td style=\"display: none\">*</td><td>-85.48261869999999</td><td>43.6968812</td></tr></table></div>"
  },
  "position" : {
    "longitude" : -85.48261869999999,
    "latitude" : 43.6968812
  }
}