{
  "resourceType" : "Organization",
  "id" : "organization-mdilog-example",
  "meta" : {
    "profile" : ["http://hl7.org/fhir/us/core/StructureDefinition/us-core-organization"]
  },
  "text" : {
    "status" : "generated",
    "div" : "<div xmlns=\"http://www.w3.org/1999/xhtml\"><p><b>Generated Narrative: Organization</b><a name=\"organization-mdilog-example\"> </a></p><div style=\"display: inline-block; background-color: #d9e0e7; padding: 6px; margin: 4px; border: 1px solid #8da1b4; border-radius: 5px; line-height: 60%\"><p style=\"margin-bottom: 0px\">Resource Organization &quot;organization-mdilog-example&quot; </p><p style=\"margin-bottom: 0px\">Profile: <a href=\"http://hl7.org/fhir/us/core/STU5.0.1/StructureDefinition-us-core-organization.html\">US Core Organization Profile</a></p></div><p><b>active</b>: true</p><p><b>name</b>: MDILog</p></div>"
  },
  "active" : true,
  "name" : "MDILog"
}