<?xml version="1.0" encoding="UTF-8"?>

<Bundle xmlns="http://hl7.org/fhir">
  <id value="73adf4c6-4126-4161-a183-a1f8f73b8273"/>
  <meta>
    <lastUpdated value="2024-01-23T12:35:59.374-05:00"/>
  </meta>
  <type value="collection"/>
  <entry>
    <fullUrl value="http://orainc.com/fhir/odmap/ValueSet/administered-by"/>
    <resource>
      <ValueSet>
        <text>
          <status value="generated"/>
          <div xmlns="http://www.w3.org/1999/xhtml">
            <div style="border: black 1px dotted; background-color: #EEEEEE; padding: 8px; margin-bottom: 8px">
              <p>Expansion based on: </p>
              <ul>
                <li>
                  <a href="CodeSystem-odmap-codes.html">codesystem CodeSystem - ODMAP Codes v0.1.0 (CodeSystem)</a>
                </li>
                <li>
                  <a href="http://terminology.hl7.org/3.1.0/CodeSystem-v3-NullFlavor.html">codesystem NullFlavor v2.1.0 (CodeSystem)</a>
                </li>
              </ul>
            </div>
            <p>This value set contains 6 concepts</p>
            <table class="codes">
              <tr>
                <td style="white-space:nowrap">
                  <b>Code</b>
                </td>
                <td>
                  <b>System</b>
                </td>
                <td>
                  <b>Display</b>
                </td>
                <td>
                  <b>Definition</b>
                </td>
              </tr>
              <tr>
                <td style="white-space:nowrap">
                  <a name="http---orainc.com-fhir-odmap-CodeSystem-odmap-codes-bystander"> </a>  
                  <a href="CodeSystem-odmap-codes.html#odmap-codes-bystander">bystander</a>
                </td>
                <td>http://orainc.com/fhir/odmap/CodeSystem/odmap-codes</td>
                <td>Bystander</td>
                <td>
                  <div/>
                </td>
              </tr>
              <tr>
                <td style="white-space:nowrap">
                  <a name="http---orainc.com-fhir-odmap-CodeSystem-odmap-codes-police"> </a>  
                  <a href="CodeSystem-odmap-codes.html#odmap-codes-police">police</a>
                </td>
                <td>http://orainc.com/fhir/odmap/CodeSystem/odmap-codes</td>
                <td>Police</td>
                <td>
                  <div/>
                </td>
              </tr>
              <tr>
                <td style="white-space:nowrap">
                  <a name="http---orainc.com-fhir-odmap-CodeSystem-odmap-codes-fire"> </a>  
                  <a href="CodeSystem-odmap-codes.html#odmap-codes-fire">fire</a>
                </td>
                <td>http://orainc.com/fhir/odmap/CodeSystem/odmap-codes</td>
                <td>Fire</td>
                <td>
                  <div/>
                </td>
              </tr>
              <tr>
                <td style="white-space:nowrap">
                  <a name="http---orainc.com-fhir-odmap-CodeSystem-odmap-codes-ems"> </a>  
                  <a href="CodeSystem-odmap-codes.html#odmap-codes-ems">ems</a>
                </td>
                <td>http://orainc.com/fhir/odmap/CodeSystem/odmap-codes</td>
                <td>EMS</td>
                <td>
                  <div/>
                </td>
              </tr>
              <tr>
                <td style="white-space:nowrap">
                  <a name="http---orainc.com-fhir-odmap-CodeSystem-odmap-codes-hospital"> </a>  
                  <a href="CodeSystem-odmap-codes.html#odmap-codes-hospital">hospital</a>
                </td>
                <td>http://orainc.com/fhir/odmap/CodeSystem/odmap-codes</td>
                <td>Hospital</td>
                <td>
                  <div/>
                </td>
              </tr>
              <tr>
                <td style="white-space:nowrap">
                  <a name="http---terminology.hl7.org-CodeSystem-v3-NullFlavor-OTH"> </a>  
                  <a href="http://terminology.hl7.org/3.1.0/CodeSystem-v3-NullFlavor.html#v3-NullFlavor-OTH">OTH</a>
                </td>
                <td>http://terminology.hl7.org/CodeSystem/v3-NullFlavor</td>
                <td>Other</td>
                <td>
                  <div>
                    <p>**Description:**The actual value is not a member of the set of permitted data values in the constrained value domain of a variable. (e.g., concept not provided by required code system).</p>

                    <p>
                      <strong>Usage Notes</strong>: This flavor and its specializations are most commonly used with the CD datatype and its flavors. However, it may apply to *any* datatype where the constraints of the type are tighter than can be conveyed. For example, a PQ that is for a true measured amount whose units are not supported in UCUM, a need to convey a REAL when the type has been constrained to INT, etc.
                    </p>

                    <p>With coded datatypes, this null flavor may only be used if the vocabulary binding has a coding strength of CNE. By definition, all local codes and original text are part of the value set if the coding strength is CWE.</p>

                  </div>
                </td>
              </tr>
            </table>
          </div>
        </text>
        <url value="http://orainc.com/fhir/odmap/ValueSet/administered-by"/>
        <version value="0.1.0"/>
        <name value="AdministeredBy"/>
        <title value="Administered By"/>
        <status value="active"/>
        <experimental value="false"/>
        <date value="2024-01-23T12:35:59-05:00"/>
        <jurisdiction>
          <coding>
            <system value="urn:iso:std:iso:3166"/>
            <code value="US"/>
            <display value="United States of America"/>
          </coding>
        </jurisdiction>
        <expansion>
          <identifier value="urn:uuid:5d132cfe-3225-4e02-8455-1c082077f888"/>
          <timestamp value="2024-01-23T12:36:43-05:00"/>
          <total value="6"/>
          <parameter>
            <name value="excludeNested"/>
            <valueBoolean value="false"/>
          </parameter>
          <parameter>
            <name value="used-codesystem"/>
            <valueUri value="http://orainc.com/fhir/odmap/CodeSystem/odmap-codes|0.1.0"/>
          </parameter>
          <parameter>
            <name value="used-codesystem"/>
            <valueUri value="http://terminology.hl7.org/CodeSystem/v3-NullFlavor|2.1.0"/>
          </parameter>
          <contains>
            <system value="http://orainc.com/fhir/odmap/CodeSystem/odmap-codes"/>
            <code value="bystander"/>
            <display value="Bystander"/>
          </contains>
          <contains>
            <system value="http://orainc.com/fhir/odmap/CodeSystem/odmap-codes"/>
            <code value="police"/>
            <display value="Police"/>
          </contains>
          <contains>
            <system value="http://orainc.com/fhir/odmap/CodeSystem/odmap-codes"/>
            <code value="fire"/>
            <display value="Fire"/>
          </contains>
          <contains>
            <system value="http://orainc.com/fhir/odmap/CodeSystem/odmap-codes"/>
            <code value="ems"/>
            <display value="EMS"/>
          </contains>
          <contains>
            <system value="http://orainc.com/fhir/odmap/CodeSystem/odmap-codes"/>
            <code value="hospital"/>
            <display value="Hospital"/>
          </contains>
          <contains>
            <system value="http://terminology.hl7.org/CodeSystem/v3-NullFlavor"/>
            <code value="OTH"/>
            <display value="Other"/>
          </contains>
        </expansion>
      </ValueSet>
    </resource>
  </entry>
  <entry>
    <fullUrl value="http://orainc.com/fhir/odmap/ValueSet/incident-type"/>
    <resource>
      <ValueSet>
        <text>
          <status value="generated"/>
          <div xmlns="http://www.w3.org/1999/xhtml">
            <p style="border: black 1px dotted; background-color: #EEEEEE; padding: 8px; margin-bottom: 8px">Expansion based on 
              <a href="CodeSystem-odmap-codes.html">codesystem CodeSystem - ODMAP Codes v0.1.0 (CodeSystem)</a>
            </p>
            <p>This value set contains 8 concepts</p>
            <table class="codes">
              <tr>
                <td style="white-space:nowrap">
                  <b>Code</b>
                </td>
                <td>
                  <b>System</b>
                </td>
                <td>
                  <b>Display</b>
                </td>
              </tr>
              <tr>
                <td style="white-space:nowrap">
                  <a name="http---orainc.com-fhir-odmap-CodeSystem-odmap-codes-1"> </a>  
                  <a href="CodeSystem-odmap-codes.html#odmap-codes-1">1</a>
                </td>
                <td>http://orainc.com/fhir/odmap/CodeSystem/odmap-codes</td>
                <td>Non-Fatal Naloxone Not Administered</td>
              </tr>
              <tr>
                <td style="white-space:nowrap">
                  <a name="http---orainc.com-fhir-odmap-CodeSystem-odmap-codes-2"> </a>  
                  <a href="CodeSystem-odmap-codes.html#odmap-codes-2">2</a>
                </td>
                <td>http://orainc.com/fhir/odmap/CodeSystem/odmap-codes</td>
                <td>Non-Fatal Naloxone Single Dose (2mg IN or 0.4mg IV) Administered</td>
              </tr>
              <tr>
                <td style="white-space:nowrap">
                  <a name="http---orainc.com-fhir-odmap-CodeSystem-odmap-codes-3"> </a>  
                  <a href="CodeSystem-odmap-codes.html#odmap-codes-3">3</a>
                </td>
                <td>http://orainc.com/fhir/odmap/CodeSystem/odmap-codes</td>
                <td>Non-Fatal Naloxone Multiple Doses (&gt;2mg IN or &gt;0.4mg IV) Administered</td>
              </tr>
              <tr>
                <td style="white-space:nowrap">
                  <a name="http---orainc.com-fhir-odmap-CodeSystem-odmap-codes-4"> </a>  
                  <a href="CodeSystem-odmap-codes.html#odmap-codes-4">4</a>
                </td>
                <td>http://orainc.com/fhir/odmap/CodeSystem/odmap-codes</td>
                <td>Fatal Naloxone Not Administered</td>
              </tr>
              <tr>
                <td style="white-space:nowrap">
                  <a name="http---orainc.com-fhir-odmap-CodeSystem-odmap-codes-5"> </a>  
                  <a href="CodeSystem-odmap-codes.html#odmap-codes-5">5</a>
                </td>
                <td>http://orainc.com/fhir/odmap/CodeSystem/odmap-codes</td>
                <td>Fatal Naloxone Single Dose (2mg IN or 0.4mg IV) Administered</td>
              </tr>
              <tr>
                <td style="white-space:nowrap">
                  <a name="http---orainc.com-fhir-odmap-CodeSystem-odmap-codes-6"> </a>  
                  <a href="CodeSystem-odmap-codes.html#odmap-codes-6">6</a>
                </td>
                <td>http://orainc.com/fhir/odmap/CodeSystem/odmap-codes</td>
                <td>Fatal Naloxone Multiple Doses (&gt;2mg IN or &gt;0.4mg IV) Administered</td>
              </tr>
              <tr>
                <td style="white-space:nowrap">
                  <a name="http---orainc.com-fhir-odmap-CodeSystem-odmap-codes-7"> </a>  
                  <a href="CodeSystem-odmap-codes.html#odmap-codes-7">7</a>
                </td>
                <td>http://orainc.com/fhir/odmap/CodeSystem/odmap-codes</td>
                <td>Non-Fatal Naloxone Administration Unknown</td>
              </tr>
              <tr>
                <td style="white-space:nowrap">
                  <a name="http---orainc.com-fhir-odmap-CodeSystem-odmap-codes-8"> </a>  
                  <a href="CodeSystem-odmap-codes.html#odmap-codes-8">8</a>
                </td>
                <td>http://orainc.com/fhir/odmap/CodeSystem/odmap-codes</td>
                <td>Fatal Naloxone Administration Unknown</td>
              </tr>
            </table>
          </div>
        </text>
        <url value="http://orainc.com/fhir/odmap/ValueSet/incident-type"/>
        <version value="0.1.0"/>
        <name value="IncidentType"/>
        <title value="Incident Type"/>
        <status value="active"/>
        <experimental value="false"/>
        <date value="2024-01-23T12:35:59-05:00"/>
        <jurisdiction>
          <coding>
            <system value="urn:iso:std:iso:3166"/>
            <code value="US"/>
            <display value="United States of America"/>
          </coding>
        </jurisdiction>
        <expansion>
          <identifier value="urn:uuid:6fb26d17-cbdb-4467-8519-6ac88ac75945"/>
          <timestamp value="2024-01-23T12:36:43-05:00"/>
          <total value="8"/>
          <parameter>
            <name value="excludeNested"/>
            <valueBoolean value="false"/>
          </parameter>
          <parameter>
            <name value="used-codesystem"/>
            <valueUri value="http://orainc.com/fhir/odmap/CodeSystem/odmap-codes|0.1.0"/>
          </parameter>
          <contains>
            <system value="http://orainc.com/fhir/odmap/CodeSystem/odmap-codes"/>
            <code value="1"/>
            <display value="Non-Fatal Naloxone Not Administered"/>
          </contains>
          <contains>
            <system value="http://orainc.com/fhir/odmap/CodeSystem/odmap-codes"/>
            <code value="2"/>
            <display value="Non-Fatal Naloxone Single Dose (2mg IN or 0.4mg IV) Administered"/>
          </contains>
          <contains>
            <system value="http://orainc.com/fhir/odmap/CodeSystem/odmap-codes"/>
            <code value="3"/>
            <display value="Non-Fatal Naloxone Multiple Doses (&gt;2mg IN or &gt;0.4mg IV) Administered"/>
          </contains>
          <contains>
            <system value="http://orainc.com/fhir/odmap/CodeSystem/odmap-codes"/>
            <code value="4"/>
            <display value="Fatal Naloxone Not Administered"/>
          </contains>
          <contains>
            <system value="http://orainc.com/fhir/odmap/CodeSystem/odmap-codes"/>
            <code value="5"/>
            <display value="Fatal Naloxone Single Dose (2mg IN or 0.4mg IV) Administered"/>
          </contains>
          <contains>
            <system value="http://orainc.com/fhir/odmap/CodeSystem/odmap-codes"/>
            <code value="6"/>
            <display value="Fatal Naloxone Multiple Doses (&gt;2mg IN or &gt;0.4mg IV) Administered"/>
          </contains>
          <contains>
            <system value="http://orainc.com/fhir/odmap/CodeSystem/odmap-codes"/>
            <code value="7"/>
            <display value="Non-Fatal Naloxone Administration Unknown"/>
          </contains>
          <contains>
            <system value="http://orainc.com/fhir/odmap/CodeSystem/odmap-codes"/>
            <code value="8"/>
            <display value="Fatal Naloxone Administration Unknown"/>
          </contains>
        </expansion>
      </ValueSet>
    </resource>
  </entry>
  <entry>
    <fullUrl value="http://orainc.com/fhir/odmap/ValueSet/possible-drugs"/>
    <resource>
      <ValueSet>
        <text>
          <status value="generated"/>
          <div xmlns="http://www.w3.org/1999/xhtml">
            <div style="border: black 1px dotted; background-color: #EEEEEE; padding: 8px; margin-bottom: 8px">
              <p>Expansion based on: </p>
              <ul>
                <li>
                  <a href="CodeSystem-odmap-codes.html">codesystem CodeSystem - ODMAP Codes v0.1.0 (CodeSystem)</a>
                </li>
                <li>
                  <a href="http://terminology.hl7.org/3.1.0/CodeSystem-v3-NullFlavor.html">codesystem NullFlavor v2.1.0 (CodeSystem)</a>
                </li>
              </ul>
            </div>
            <p>This value set contains 17 concepts</p>
            <table class="codes">
              <tr>
                <td style="white-space:nowrap">
                  <b>Code</b>
                </td>
                <td>
                  <b>System</b>
                </td>
                <td>
                  <b>Display</b>
                </td>
                <td>
                  <b>Definition</b>
                </td>
              </tr>
              <tr>
                <td style="white-space:nowrap">
                  <a name="http---orainc.com-fhir-odmap-CodeSystem-odmap-codes-alcohol"> </a>  
                  <a href="CodeSystem-odmap-codes.html#odmap-codes-alcohol">alcohol</a>
                </td>
                <td>http://orainc.com/fhir/odmap/CodeSystem/odmap-codes</td>
                <td>Alcohol</td>
                <td>
                  <div/>
                </td>
              </tr>
              <tr>
                <td style="white-space:nowrap">
                  <a name="http---orainc.com-fhir-odmap-CodeSystem-odmap-codes-benzodiazepine"> </a>  
                  <a href="CodeSystem-odmap-codes.html#odmap-codes-benzodiazepine">benzodiazepine</a>
                </td>
                <td>http://orainc.com/fhir/odmap/CodeSystem/odmap-codes</td>
                <td>Benzodiazepine</td>
                <td>
                  <div/>
                </td>
              </tr>
              <tr>
                <td style="white-space:nowrap">
                  <a name="http---orainc.com-fhir-odmap-CodeSystem-odmap-codes-cocaine"> </a>  
                  <a href="CodeSystem-odmap-codes.html#odmap-codes-cocaine">cocaine</a>
                </td>
                <td>http://orainc.com/fhir/odmap/CodeSystem/odmap-codes</td>
                <td>Cocaine</td>
                <td>
                  <div/>
                </td>
              </tr>
              <tr>
                <td style="white-space:nowrap">
                  <a name="http---orainc.com-fhir-odmap-CodeSystem-odmap-codes-crack"> </a>  
                  <a href="CodeSystem-odmap-codes.html#odmap-codes-crack">crack</a>
                </td>
                <td>http://orainc.com/fhir/odmap/CodeSystem/odmap-codes</td>
                <td>Crack</td>
                <td>
                  <div/>
                </td>
              </tr>
              <tr>
                <td style="white-space:nowrap">
                  <a name="http---orainc.com-fhir-odmap-CodeSystem-odmap-codes-fentanyl"> </a>  
                  <a href="CodeSystem-odmap-codes.html#odmap-codes-fentanyl">fentanyl</a>
                </td>
                <td>http://orainc.com/fhir/odmap/CodeSystem/odmap-codes</td>
                <td>Fentanyl</td>
                <td>
                  <div/>
                </td>
              </tr>
              <tr>
                <td style="white-space:nowrap">
                  <a name="http---orainc.com-fhir-odmap-CodeSystem-odmap-codes-heroin"> </a>  
                  <a href="CodeSystem-odmap-codes.html#odmap-codes-heroin">heroin</a>
                </td>
                <td>http://orainc.com/fhir/odmap/CodeSystem/odmap-codes</td>
                <td>Heroin</td>
                <td>
                  <div/>
                </td>
              </tr>
              <tr>
                <td style="white-space:nowrap">
                  <a name="http---orainc.com-fhir-odmap-CodeSystem-odmap-codes-lsd"> </a>  
                  <a href="CodeSystem-odmap-codes.html#odmap-codes-lsd">lsd</a>
                </td>
                <td>http://orainc.com/fhir/odmap/CodeSystem/odmap-codes</td>
                <td>LSD</td>
                <td>
                  <div/>
                </td>
              </tr>
              <tr>
                <td style="white-space:nowrap">
                  <a name="http---orainc.com-fhir-odmap-CodeSystem-odmap-codes-mdma"> </a>  
                  <a href="CodeSystem-odmap-codes.html#odmap-codes-mdma">mdma</a>
                </td>
                <td>http://orainc.com/fhir/odmap/CodeSystem/odmap-codes</td>
                <td>MDMA</td>
                <td>
                  <div/>
                </td>
              </tr>
              <tr>
                <td style="white-space:nowrap">
                  <a name="http---orainc.com-fhir-odmap-CodeSystem-odmap-codes-methadone"> </a>  
                  <a href="CodeSystem-odmap-codes.html#odmap-codes-methadone">methadone</a>
                </td>
                <td>http://orainc.com/fhir/odmap/CodeSystem/odmap-codes</td>
                <td>Methadone</td>
                <td>
                  <div/>
                </td>
              </tr>
              <tr>
                <td style="white-space:nowrap">
                  <a name="http---orainc.com-fhir-odmap-CodeSystem-odmap-codes-methamphetamine"> </a>  
                  <a href="CodeSystem-odmap-codes.html#odmap-codes-methamphetamine">methamphetamine</a>
                </td>
                <td>http://orainc.com/fhir/odmap/CodeSystem/odmap-codes</td>
                <td>Methamphetamine</td>
                <td>
                  <div/>
                </td>
              </tr>
              <tr>
                <td style="white-space:nowrap">
                  <a name="http---orainc.com-fhir-odmap-CodeSystem-odmap-codes-over-the-counter"> </a>  
                  <a href="CodeSystem-odmap-codes.html#odmap-codes-over-the-counter">over-the-counter</a>
                </td>
                <td>http://orainc.com/fhir/odmap/CodeSystem/odmap-codes</td>
                <td>Over The Counter</td>
                <td>
                  <div/>
                </td>
              </tr>
              <tr>
                <td style="white-space:nowrap">
                  <a name="http---orainc.com-fhir-odmap-CodeSystem-odmap-codes-oxycodone"> </a>  
                  <a href="CodeSystem-odmap-codes.html#odmap-codes-oxycodone">oxycodone</a>
                </td>
                <td>http://orainc.com/fhir/odmap/CodeSystem/odmap-codes</td>
                <td>Oxycodone</td>
                <td>
                  <div/>
                </td>
              </tr>
              <tr>
                <td style="white-space:nowrap">
                  <a name="http---orainc.com-fhir-odmap-CodeSystem-odmap-codes-pcp"> </a>  
                  <a href="CodeSystem-odmap-codes.html#odmap-codes-pcp">pcp</a>
                </td>
                <td>http://orainc.com/fhir/odmap/CodeSystem/odmap-codes</td>
                <td>PCP</td>
                <td>
                  <div/>
                </td>
              </tr>
              <tr>
                <td style="white-space:nowrap">
                  <a name="http---orainc.com-fhir-odmap-CodeSystem-odmap-codes-prescription-drugs"> </a>  
                  <a href="CodeSystem-odmap-codes.html#odmap-codes-prescription-drugs">prescription-drugs</a>
                </td>
                <td>http://orainc.com/fhir/odmap/CodeSystem/odmap-codes</td>
                <td>Prescription Drugs</td>
                <td>
                  <div/>
                </td>
              </tr>
              <tr>
                <td style="white-space:nowrap">
                  <a name="http---orainc.com-fhir-odmap-CodeSystem-odmap-codes-suboxone"> </a>  
                  <a href="CodeSystem-odmap-codes.html#odmap-codes-suboxone">suboxone</a>
                </td>
                <td>http://orainc.com/fhir/odmap/CodeSystem/odmap-codes</td>
                <td>Suboxone</td>
                <td>
                  <div/>
                </td>
              </tr>
              <tr>
                <td style="white-space:nowrap">
                  <a name="http---orainc.com-fhir-odmap-CodeSystem-odmap-codes-synthetic-marijuana"> </a>  
                  <a href="CodeSystem-odmap-codes.html#odmap-codes-synthetic-marijuana">synthetic-marijuana</a>
                </td>
                <td>http://orainc.com/fhir/odmap/CodeSystem/odmap-codes</td>
                <td>Synthetic Marijuana</td>
                <td>
                  <div/>
                </td>
              </tr>
              <tr>
                <td style="white-space:nowrap">
                  <a name="http---terminology.hl7.org-CodeSystem-v3-NullFlavor-OTH"> </a>  
                  <a href="http://terminology.hl7.org/3.1.0/CodeSystem-v3-NullFlavor.html#v3-NullFlavor-OTH">OTH</a>
                </td>
                <td>http://terminology.hl7.org/CodeSystem/v3-NullFlavor</td>
                <td>Other</td>
                <td>
                  <div>
                    <p>**Description:**The actual value is not a member of the set of permitted data values in the constrained value domain of a variable. (e.g., concept not provided by required code system).</p>

                    <p>
                      <strong>Usage Notes</strong>: This flavor and its specializations are most commonly used with the CD datatype and its flavors. However, it may apply to *any* datatype where the constraints of the type are tighter than can be conveyed. For example, a PQ that is for a true measured amount whose units are not supported in UCUM, a need to convey a REAL when the type has been constrained to INT, etc.
                    </p>

                    <p>With coded datatypes, this null flavor may only be used if the vocabulary binding has a coding strength of CNE. By definition, all local codes and original text are part of the value set if the coding strength is CWE.</p>

                  </div>
                </td>
              </tr>
            </table>
          </div>
        </text>
        <url value="http://orainc.com/fhir/odmap/ValueSet/possible-drugs"/>
        <version value="0.1.0"/>
        <name value="PossibleDrugs"/>
        <title value="Possible Drugs"/>
        <status value="active"/>
        <experimental value="false"/>
        <date value="2024-01-23T12:35:59-05:00"/>
        <jurisdiction>
          <coding>
            <system value="urn:iso:std:iso:3166"/>
            <code value="US"/>
            <display value="United States of America"/>
          </coding>
        </jurisdiction>
        <expansion>
          <identifier value="urn:uuid:4928f1d9-c12a-4144-ab81-be50137fdad8"/>
          <timestamp value="2024-01-23T12:36:43-05:00"/>
          <total value="17"/>
          <parameter>
            <name value="excludeNested"/>
            <valueBoolean value="false"/>
          </parameter>
          <parameter>
            <name value="used-codesystem"/>
            <valueUri value="http://orainc.com/fhir/odmap/CodeSystem/odmap-codes|0.1.0"/>
          </parameter>
          <parameter>
            <name value="used-codesystem"/>
            <valueUri value="http://terminology.hl7.org/CodeSystem/v3-NullFlavor|2.1.0"/>
          </parameter>
          <contains>
            <system value="http://orainc.com/fhir/odmap/CodeSystem/odmap-codes"/>
            <code value="alcohol"/>
            <display value="Alcohol"/>
          </contains>
          <contains>
            <system value="http://orainc.com/fhir/odmap/CodeSystem/odmap-codes"/>
            <code value="benzodiazepine"/>
            <display value="Benzodiazepine"/>
          </contains>
          <contains>
            <system value="http://orainc.com/fhir/odmap/CodeSystem/odmap-codes"/>
            <code value="cocaine"/>
            <display value="Cocaine"/>
          </contains>
          <contains>
            <system value="http://orainc.com/fhir/odmap/CodeSystem/odmap-codes"/>
            <code value="crack"/>
            <display value="Crack"/>
          </contains>
          <contains>
            <system value="http://orainc.com/fhir/odmap/CodeSystem/odmap-codes"/>
            <code value="fentanyl"/>
            <display value="Fentanyl"/>
          </contains>
          <contains>
            <system value="http://orainc.com/fhir/odmap/CodeSystem/odmap-codes"/>
            <code value="heroin"/>
            <display value="Heroin"/>
          </contains>
          <contains>
            <system value="http://orainc.com/fhir/odmap/CodeSystem/odmap-codes"/>
            <code value="lsd"/>
            <display value="LSD"/>
          </contains>
          <contains>
            <system value="http://orainc.com/fhir/odmap/CodeSystem/odmap-codes"/>
            <code value="mdma"/>
            <display value="MDMA"/>
          </contains>
          <contains>
            <system value="http://orainc.com/fhir/odmap/CodeSystem/odmap-codes"/>
            <code value="methadone"/>
            <display value="Methadone"/>
          </contains>
          <contains>
            <system value="http://orainc.com/fhir/odmap/CodeSystem/odmap-codes"/>
            <code value="methamphetamine"/>
            <display value="Methamphetamine"/>
          </contains>
          <contains>
            <system value="http://orainc.com/fhir/odmap/CodeSystem/odmap-codes"/>
            <code value="over-the-counter"/>
            <display value="Over The Counter"/>
          </contains>
          <contains>
            <system value="http://orainc.com/fhir/odmap/CodeSystem/odmap-codes"/>
            <code value="oxycodone"/>
            <display value="Oxycodone"/>
          </contains>
          <contains>
            <system value="http://orainc.com/fhir/odmap/CodeSystem/odmap-codes"/>
            <code value="pcp"/>
            <display value="PCP"/>
          </contains>
          <contains>
            <system value="http://orainc.com/fhir/odmap/CodeSystem/odmap-codes"/>
            <code value="prescription-drugs"/>
            <display value="Prescription Drugs"/>
          </contains>
          <contains>
            <system value="http://orainc.com/fhir/odmap/CodeSystem/odmap-codes"/>
            <code value="suboxone"/>
            <display value="Suboxone"/>
          </contains>
          <contains>
            <system value="http://orainc.com/fhir/odmap/CodeSystem/odmap-codes"/>
            <code value="synthetic-marijuana"/>
            <display value="Synthetic Marijuana"/>
          </contains>
          <contains>
            <system value="http://terminology.hl7.org/CodeSystem/v3-NullFlavor"/>
            <code value="OTH"/>
            <display value="Other"/>
          </contains>
        </expansion>
      </ValueSet>
    </resource>
  </entry>
</Bundle>